BookId,Binding,Pages,Started,Read
1008228,Hardback,,,
1011365,Paperback,1308,,
1014860,Hardback,1503,,
1018739,Paperback,,,
1019289,Hardback,1759,,
1023996,Hardback,,,
1030989,Hardback,,,
1032770,Paperback,,,
1034352,Hardback,892,,
1042616,Paperback,1213,,
1054275,Hardback,1165,,
1060247,Paperback,,,
1064288,Hardback,,,
1064519,Hardback,,,
1080031,Paperback,,,
1085661,Paperback,,,
1088371,Hardback,,,
1101886,Paperback,933,,
1116636,Hardback,1269,,
1124626,Hardback,1747,,
1126589,Hardback,,,
1133265,Paperback,286,,
1134818,Paperback,,,
1141656,Hardback,1544,,
1154568,Paperback,,,
1154573,Hardback,,,
1155371,Hardback,648,,
1157308,Paperback,487,,
1159621,Hardback,,,
1162118,Paperback,,,
1162252,Paperback,,,
1172827,Hardback,,,
1181666,Hardback,918,,
1187731,Hardback,,,
1192932,Hardback,262,,
1193458,Hardback,1447,,
1200405,Hardback,981,,
1204540,Hardback,,,
1212405,Paperback,1865,,
1212449,Hardback,319,,
1229021,,1358,,
1229494,Hardback,,,
1230906,Paperback,,,
1240403,Hardback,90,,
1240533,Paperback,,,
1242856,Paperback,,,
1244571,Hardback,,,
1260969,Paperback,,,
1261911,Paperback,169,,
1263752,Paperback,,,
1266424,Hardback,,,
1268455,Paperback,,,
1268605,Hardback,,,
1273074,Hardback,,,
1274691,Paperback,1421,,
1276097,Hardback,,,
1276523,Hardback,,,
1286121,Hardback,,,
1289095,Hardback,,,
1290295,Paperback,,,
1291423,Hardback,,,
1300260,Paperback,,,
1301082,Hardback,,,
1313802,Hardback,800,,
1316202,Hardback,,,
1317458,Paperback,1278,,
1319907,Paperback,,,
1322358,Paperback,,,
1323674,Hardback,,,
1323790,Hardback,,,
1324322,Hardback,441,,
1326957,Hardback,402,,
1327738,Hardback,,,
1331340,Paperback,,,
1335168,Hardback,1565,,
1336605,Paperback,,,
1336903,Hardback,,,
1341087,Paperback,1576,,
1346110,Paperback,731,,
1347938,,1228,,
1349575,Hardback,441,,
1350797,Paperback,1346,,
1353719,Paperback,258,,
1354000,Hardback,,,
1356604,,1894,,
1363597,Paperback,,,
1368640,Paperback,,,
1383729,Hardback,1118,,
1385331,Hardback,,,
1385715,Paperback,,,
1387493,Paperback,145,,
1387639,Paperback,1448,,
1388498,Paperback,,,
1400651,Hardback,163,,
1405316,Paperback,188,,
1412928,Paperback,,,
1419865,Hardback,232,,
1428098,Paperback,,,
1437060,Hardback,,,
1439775,Paperback,,,
1444415,Hardback,1920,,
1445998,Paperback,1310,,
1447787,Hardback,399,,
1450884,Paperback,213,,
1452297,Hardback,382,,
1453735,Hardback,,,
1461970,Hardback,927,,
1462964,Hardback,,,
1471149,Paperback,,,
1479844,Paperback,,,
1481754,Hardback,,,
1485635,Hardback,1138,,
1485645,Hardback,,,
1492876,Paperback,,,
1505385,Hardback,568,,
1509635,Hardback,1885,,
1510702,Paperback,460,,
1515341,Hardback,,,
1516029,Hardback,664,,
1518559,Paperback,369,,
1518886,Hardback,90,,
1519799,Hardback,,,
1523798,Paperback,1778,,
1525192,Hardback,1014,,
1538880,Paperback,762,,
1552648,Hardback,,,
1555329,Paperback,,,
1559167,Hardback,,,
1567110,Hardback,,,
1583466,Hardback,,,
1584736,Paperback,561,,
1585052,Paperback,1518,,
1592311,Paperback,1607,,
1595376,Paperback,1722,,
1597259,Paperback,,,
1598198,Hardback,,,
1605482,Paperback,,,
1614011,Hardback,,,
1627275,Paperback,337,,
1629696,Paperback,1218,,
1630010,Paperback,,,
1630752,Paperback,,,
1633131,Paperback,,,
1634269,Paperback,,,
1637058,Paperback,,,
1649187,Paperback,,,
1663664,Paperback,,,
1664963,Hardback,,,
1667043,Hardback,877,,
1674245,Hardback,773,,
1687229,Hardback,1482,,
1702857,Hardback,967,,
1704498,Paperback,1752,,
1706976,Paperback,1586,,
1708319,Hardback,845,,
1715307,Hardback,77,,
1720653,,1185,,
1722735,Hardback,,,
1726087,Paperback,1440,,
1728024,Paperback,1645,,
1731902,Paperback,,,
1733050,Paperback,451,,
1735209,Paperback,383,,
1738911,Paperback,,,
1743377,Paperback,,,
1746190,Paperback,,,
1747676,Hardback,1345,,
1750003,Hardback,,,
1756800,Paperback,,,
1757983,Hardback,,,
1758938,Paperback,1089,,
1759718,Paperback,1745,,
1763716,Hardback,1784,,
1778104,Hardback,926,,
1781609,Hardback,324,,
1781980,Paperback,,,
1783817,Hardback,1198,,
1789831,Hardback,,,
1791577,Hardback,755,,
1807892,Paperback,674,,
1808049,Paperback,1941,,
1811472,Hardback,1485,,
1816371,Paperback,524,,
1816885,Hardback,,,
1825162,,1438,,
1830380,Hardback,761,,
1831567,Paperback,1225,,
1831710,Paperback,1764,,
1833875,Hardback,,,
1839132,Hardback,,,
1844473,Hardback,1402,,
1844859,Paperback,668,,
1845391,Hardback,,,
1849637,Hardback,1725,,
1850131,Paperback,1196,,
1859578,Hardback,,,
1863081,Hardback,1657,,
1864795,Paperback,,,
1865965,,1480,,
1870061,Hardback,124,,
1881086,Paperback,,,
1893096,Hardback,,,
1895199,Paperback,,,
1899605,Hardback,1805,,
1899692,Hardback,,,
1907233,Paperback,,,
1911488,Paperback,1907,,
1914388,Hardback,1007,,
1914485,Paperback,,,
1915246,Hardback,,,
1917261,Hardback,,,
1917656,Hardback,,,
1924706,Paperback,158,,
1928480,Paperback,,,
1929316,Hardback,1767,,
1933061,Hardback,955,,
1936467,Hardback,1154,,
1943809,Paperback,1310,,
1947374,Hardback,,,
1950509,Hardback,1922,,
1951616,Hardback,1525,,
1956559,Paperback,,,
1958929,Paperback,1311,,
1966196,Paperback,,,
1969567,Paperback,1230,,
1974767,Hardback,,,
1976242,Paperback,205,,
1981216,Paperback,1023,,
1981720,Paperback,,,
1985516,Hardback,334,,
1987793,Hardback,1428,,
1988632,Hardback,755,,
1993634,Hardback,,,
1996294,Paperback,,,
1998987,Hardback,1190,,
1999538,Hardback,1458,,
2000345,Paperback,,,
2004441,Hardback,540,,
2005122,Hardback,624,,
2009379,Hardback,724,,
2010842,Hardback,150,,
2036373,Hardback,234,,
2039985,,1331,,
2047778,Hardback,,,
2051443,Paperback,1921,,
2053570,Hardback,,,
2054457,Paperback,316,,
2054902,Hardback,487,,
2056315,Paperback,,,
2074688,Paperback,348,,
2075045,Paperback,,,
2097955,Paperback,,,
2101585,Hardback,,,
2106457,Hardback,,,
2117828,Paperback,1762,,
2129379,Hardback,,,
2146073,Paperback,1033,,
2153386,Paperback,,,
2154197,Paperback,,,
2157661,,1564,,
2169532,Hardback,637,,
2186520,Paperback,,,
2186578,Paperback,1631,,
2186834,Hardback,1887,,
2187229,Hardback,831,,
2188165,Paperback,,,
2192104,Hardback,,,
2192322,Paperback,849,,
2197304,Hardback,,,
2200431,Paperback,688,,
2205490,Hardback,,,
2206992,Hardback,785,,
2209056,Paperback,1055,,
2218326,Paperback,,,
2226850,Paperback,968,,
2229695,Hardback,1102,,
2229957,Paperback,,,
2235296,Paperback,350,,
2242729,Paperback,783,,
2252119,Hardback,1556,,
2252724,Paperback,,,
2252987,Hardback,475,,
2256418,Hardback,287,,
2258483,Hardback,227,,
2263717,Paperback,,,
2267756,Paperback,869,,
2271674,Hardback,,,
2272545,Hardback,52,,
2273392,Paperback,449,,
2292872,Hardback,614,,
2294269,Paperback,205,,
2294986,Paperback,1943,,
2295403,Paperback,,,
2298114,,1942,,
2300041,Hardback,,,
2300741,Hardback,,,
2301019,Paperback,,,
2302963,Hardback,385,,
2304633,Paperback,,,
2307305,Hardback,,,
2310773,Paperback,275,,
2312827,Paperback,,,
2317856,Paperback,295,,
2333823,Paperback,,,
2337253,Hardback,,,
2337385,Paperback,581,,
2341934,Paperback,,,
2342896,Hardback,1751,,
2344159,Hardback,,,
2346712,Paperback,387,,
2357246,Hardback,543,,
2357660,Hardback,,,
2367616,Hardback,1156,,
2380652,Paperback,,,
2380853,Paperback,,,
2389431,Hardback,492,,
2389554,Paperback,,,
2403394,Hardback,1433,,
2412783,Hardback,80,,
2413544,Paperback,1075,,
2415138,Hardback,1495,,
2417743,Hardback,188,,
2418732,Hardback,,,
2428248,Paperback,102,,
2428801,Hardback,,,
2431674,,1754,,
2434156,Paperback,,,
2436322,Paperback,,,
2440568,Hardback,,,
2444415,Paperback,1954,,
2448222,Hardback,1776,,
2449313,Hardback,1184,,
2451498,Hardback,1978,,
2465219,Hardback,,,
2465912,Paperback,801,,
2469343,,1056,,
2471321,Hardback,,,
2474370,Hardback,,,
2479666,Paperback,,,
2480617,Hardback,1278,,
2481359,,345,,
2485993,Hardback,,,
2486636,Hardback,778,,
2495305,Hardback,,,
2495516,Hardback,505,,
2528540,Hardback,,,
2532390,Hardback,,,
2541104,Paperback,,,
2543786,Paperback,,,
2547700,Paperback,441,,
2549180,Paperback,977,,
2560081,Paperback,1551,,
2565141,Paperback,390,,
2565499,Hardback,,,
2571093,,1993,,
2571778,Paperback,,,
2574773,Paperback,,,
2575064,Paperback,,,
2582667,Paperback,,,
2584449,Hardback,,,
2595673,Paperback,279,,
2596050,Paperback,,,
2600770,Paperback,,,
2603492,,1379,,
2604077,Hardback,,,
2604211,Paperback,,,
2614436,,1056,,
2622601,Paperback,,,
2630687,Hardback,,,
2632532,Hardback,,,
2632548,Paperback,,,
2633220,Hardback,,,
2642430,Hardback,1925,,
2643897,Paperback,1349,,
2649933,Paperback,717,,
2655356,Hardback,,,
2667670,Paperback,1175,,
2674661,Paperback,456,,
2677782,Paperback,1431,,
2678301,Paperback,,,
2682213,Hardback,,,
2683073,Paperback,136,,
2684443,Paperback,516,,
2688004,Hardback,,,
2689201,Paperback,1522,,
2696869,Paperback,,,
2699008,Hardback,1642,,
2700155,Hardback,,,
2700336,Paperback,152,,
2705882,Paperback,,,
2706637,,647,,
2706963,Hardback,1354,,
2709988,Paperback,1972,,
2711153,Paperback,,,
2712007,,1517,,
2712239,Hardback,,,
2712425,Paperback,434,,
2731717,Hardback,1737,,
2744260,Hardback,,,
2745348,Hardback,,,
2747062,Hardback,,,
2748752,Paperback,,,
2759915,Paperback,,,
2761932,Paperback,,,
2764990,Paperback,,,
2767587,Paperback,1603,,
2767994,Paperback,,,
2768469,Paperback,,,
2770557,Paperback,,,
2777046,Paperback,,,
2777587,Paperback,,,
2780708,Paperback,1375,,
2785119,Paperback,,,
2785397,Paperback,149,,
2792986,Paperback,983,,
2793541,Hardback,610,,
2806509,Paperback,1523,,
2808196,Paperback,,,
2814835,Paperback,168,,
2816723,Paperback,366,,
2822410,Paperback,288,,
2822617,Hardback,,,
2828798,Paperback,120,,
2829303,Paperback,,,
2829401,Hardback,1233,,
2829882,Hardback,1079,,
2839253,Hardback,,,
2845439,Paperback,,,
2862213,Paperback,,,
2866381,Paperback,1837,,
2873038,Hardback,,,
2876684,Hardback,1838,,
2896085,Hardback,,,
2900422,Hardback,,,
2902095,Paperback,1143,,
2906967,Paperback,,,
2908914,Paperback,155,,
2910507,Hardback,,,
2915940,Hardback,310,,
2916680,Hardback,1127,,
2925632,Hardback,497,,
2931091,Hardback,,,
2938382,Paperback,1690,,
2942054,Paperback,948,,
2943162,Hardback,1981,,
2944098,Paperback,1475,,
2951522,Paperback,,,
2955039,Paperback,,,
2964864,Hardback,,,
2964874,Hardback,,,
2965703,Paperback,1070,,
2974154,Paperback,111,,
2979231,Hardback,,,
2990538,Hardback,1843,,
2991327,Hardback,,,
2993271,Hardback,,,
2995486,Paperback,1580,,
2995735,Hardback,,,
3010098,Paperback,,,
3012888,Paperback,1709,,
3013828,Hardback,1344,,
3019881,Hardback,,,
3021663,Paperback,400,,
3023389,Hardback,677,,
3030696,Paperback,,,
3033612,Paperback,1690,,
3035247,Paperback,306,,
3036672,Hardback,,,
3042079,Paperback,,,
3047819,Paperback,,,
3048426,Hardback,1213,,
3050173,Paperback,541,,
3051219,Hardback,,,
3053815,Paperback,,,
3065258,Hardback,1769,,
3073564,Hardback,1043,,
3073856,Hardback,,,
3078684,Paperback,,,
3094295,Hardback,,,
3101775,Hardback,299,,
3106680,Hardback,1717,,
3110437,Hardback,,,
3114987,Hardback,,,
3117469,Hardback,816,,
3119335,Hardback,,,
3120684,Hardback,,,
3125281,Paperback,,,
3143749,Paperback,396,,
3145254,Paperback,634,,
3145441,Hardback,1586,,
3145509,Paperback,,,
3159002,Paperback,143,,
3160278,Hardback,,,
3161665,Hardback,,,
3175490,Hardback,572,,
3177064,Paperback,,,
3186895,Paperback,1254,,
3188278,Hardback,1966,,
3188453,Paperback,,,
3198544,Paperback,1402,,
3199260,Hardback,,,
3202152,Paperback,,,
3206865,Paperback,1476,,
3210642,Paperback,1998,,
3212676,Hardback,,,
3216507,Hardback,,,
3223908,Paperback,,,
3231196,Hardback,,,
3232652,Paperback,796,,
3234257,Hardback,,,
3241872,Paperback,1392,,
3245123,Paperback,420,,
3245287,Hardback,,,
3262687,Paperback,160,,
3263203,Hardback,655,,
3264718,Hardback,,,
3267633,Hardback,1075,,
3268716,Hardback,521,,
3276270,Hardback,625,,
3276370,Paperback,,,
3277904,Hardback,502,,
3279181,Paperback,,,
3288638,Hardback,1598,,
3291956,Hardback,469,,
3293248,Paperback,,,
3301755,Paperback,,,
3306766,Paperback,,,
3315495,Paperback,693,,
3319317,Paperback,1157,,
3324970,Hardback,1651,,
3331229,Hardback,109,,
3332575,Paperback,,,
3334019,Hardback,1268,,
3338947,Paperback,172,,
3347588,Hardback,,,
3349146,Hardback,1699,,
3353223,Paperback,1302,,
3356529,Hardback,,,
3361423,Paperback,,,
3367021,Hardback,749,,
3368286,Paperback,417,,
3391691,Hardback,1555,,
3407391,Hardback,,,
3413374,Paperback,859,,
3425486,Hardback,,,
3425517,Hardback,400,,
3427481,Hardback,,,
3429205,Paperback,1225,,
3429408,,1189,,
3434878,Hardback,1207,,
3436035,Hardback,757,,
3445157,Hardback,,,
3448391,,718,,
3448733,Hardback,,,
3459790,Hardback,573,,
3465370,Paperback,1692,,
3476205,Paperback,861,,
3478979,Hardback,,,
3479645,Hardback,1829,,
3479668,Hardback,579,,
3484962,Paperback,594,,
3489268,Paperback,,,
3489405,Paperback,993,,
3496628,Hardback,,,
3502426,Paperback,1623,,
3504571,Paperback,,,
3506434,Hardback,,,
3508417,Paperback,1742,,
3512451,Paperback,475,,
3516788,,1626,,
3522978,Paperback,,,
3528303,Paperback,,,
3534471,Hardback,,,
3537327,Hardback,,,
3538449,Hardback,,,
3539650,Paperback,844,,
3542536,Paperback,,,
3546068,Paperback,1662,,
3547596,Paperback,,,
3558748,Hardback,,,
3562464,Hardback,,,
3566578,Paperback,,,
3575064,Hardback,1265,,
3579836,Hardback,1254,,
3582115,Paperback,,,
3593133,Hardback,,,
3608627,Hardback,1282,,
3625157,Paperback,,,
3631479,Paperback,732,,
3642485,Paperback,,,
3644278,Paperback,,,
3653049,Paperback,,,
3655870,Paperback,1814,,
3670625,Paperback,,,
3677911,Paperback,,,
3685650,Hardback,,,
3696413,Hardback,1533,,
3697379,Paperback,,,
3702901,Hardback,,,
3707520,Paperback,1270,,
3721479,Paperback,,,
3741425,Hardback,,,
3759624,Paperback,,,
3761321,Hardback,618,,
3766517,,650,,
3770417,Paperback,119,,
3780854,Paperback,384,,
3781031,Paperback,,,
3799095,Paperback,,,
3802215,Paperback,,,
3803356,Hardback,55,,
3807620,,1925,,
3808450,Hardback,,,
3817384,Hardback,1782,,
3819522,Paperback,,,
3824132,Paperback,,,
3830020,Hardback,1271,,
3831003,Hardback,,,
3832711,Paperback,1480,,
3851704,Paperback,1014,,
3858011,Paperback,,,
3861829,Hardback,,,
3863426,Paperback,327,,
3867392,Paperback,197,,
3868044,Paperback,,,
3870553,Hardback,1684,,
3870711,Hardback,1099,,
3873470,Hardback,1584,,
3877932,Paperback,,,
3882465,Paperback,1292,,
3892440,Hardback,,,
3896302,Hardback,,,
3900827,Paperback,664,,
3903170,Paperback,486,,
3905931,Paperback,995,,
3915983,Paperback,1538,,
3917976,Hardback,235,,
3918633,Paperback,,,
3926133,Paperback,,,
3943514,Paperback,1309,,
3945559,Hardback,,,
3947000,Hardback,,,
3948900,Paperback,,,
3952163,Paperback,,,
3957412,Paperback,,,
3961091,Hardback,619,,
3964802,Hardback,,,
3965796,Hardback,,,
3966295,Hardback,,,
3967858,Paperback,595,,
3971908,Hardback,286,,
3974862,Hardback,,,
3976109,Hardback,1326,,
3979511,Hardback,,,
3990186,Hardback,,,
3997621,Hardback,,,
4000799,Hardback,,,
4001697,Paperback,661,,
4005790,Hardback,1295,,
4011388,Paperback,441,,
4011746,Hardback,1608,,
4017199,Paperback,,,
4019597,Paperback,1605,,
4023114,Paperback,,,
4027994,Hardback,919,,
4031642,Hardback,,,
4033793,Paperback,,,
4036539,Paperback,978,,
4037256,Hardback,1988,,
4041619,Paperback,,,
4042515,Paperback,1741,,
4043687,Hardback,151,,
4046363,Hardback,804,,
4056223,Hardback,,,
4064070,Paperback,,,
4065395,Paperback,,,
4065529,Paperback,841,,
4068491,Paperback,,,
4069154,Hardback,1366,,
4072673,Paperback,,,
4072693,Hardback,885,,
4086683,Hardback,112,,
4091444,,1576,,
4101980,Hardback,1888,,
4105022,Paperback,,,
4109162,Paperback,1014,,
4115177,Paperback,1245,,
4117158,Hardback,,,
4124770,Hardback,,,
4132208,Paperback,,,
4135056,Paperback,,,
4137595,Paperback,1026,,
4144079,Hardback,,,
4147058,Hardback,706,,
4149003,Paperback,,,
4150208,Paperback,,,
4154754,Hardback,1222,,
4155000,Paperback,1191,,
4158058,Hardback,,,
4161537,Hardback,770,,
4161738,Hardback,,,
4176884,Hardback,1564,,
4190531,Hardback,,,
4190597,Hardback,1703,,
4193926,Paperback,,,
4199773,Hardback,1450,,
4202918,Paperback,,,
4203321,Paperback,,,
4205205,Hardback,742,,
4211009,Paperback,,,
4217890,Paperback,,,
4228512,Paperback,1333,,
4228952,Paperback,793,,
4229464,Paperback,,,
4230217,Paperback,581,,
4230499,Paperback,1106,,
4230858,Paperback,,,
4231629,Hardback,1994,,
4234976,Paperback,72,,
4238854,Hardback,1802,,
4240521,Hardback,1020,,
4248363,Paperback,,,
4251774,Paperback,291,,
4252823,Hardback,,,
4255802,Hardback,235,,
4277152,Hardback,,,
4278819,Hardback,249,,
4278871,Paperback,,,
4279763,Hardback,1236,,
4279839,Paperback,1261,,
4280026,Hardback,,,
4284192,Paperback,533,,
4290065,Hardback,999,,
4292338,Paperback,,,
4299520,Hardback,,,
4305521,Hardback,786,,
4305712,Hardback,,,
4307256,Paperback,,,
4307384,Paperback,1200,,
4310420,Hardback,,,
4315317,Hardback,169,,
4315706,,328,,
4322106,Paperback,,,
4331761,Paperback,,,
4332964,Paperback,,,
4336807,Paperback,,,
4344198,Hardback,,,
4344274,Paperback,,,
4347587,Hardback,,,
4352143,Hardback,,,
4356333,Paperback,,,
4365331,Paperback,,,
4365475,Hardback,,,
4373392,Hardback,1209,,
4377309,Paperback,,,
4378746,Paperback,939,,
4382011,Hardback,,,
4398030,Hardback,,,
4405265,Paperback,,,
4412312,Hardback,824,,
4412337,Hardback,,,
4419218,,252,,
4420371,Paperback,1632,,
4420906,Paperback,,,
4427866,Paperback,,,
4429604,Paperback,,,
4430295,Paperback,,,
4439432,Paperback,1915,,
4448428,Hardback,,,
4448477,Hardback,,,
4456906,Paperback,,,
4458136,Paperback,1020,,
4460292,Hardback,1880,,
4471369,Hardback,1877,,
4476753,,481,,
4482369,Hardback,1786,,
4488527,Hardback,825,,
4499297,Paperback,,,
4500896,Paperback,,,
4510786,Hardback,1294,,
4511970,Paperback,,,
4512480,Paperback,,,
4517067,Paperback,1984,,
4521358,Paperback,,,
4531567,Paperback,,,
4532527,Paperback,,,
4538411,Paperback,,,
4539583,Hardback,,,
4543632,Paperback,,,
4547998,Paperback,,,
4548613,,859,,
4549430,Hardback,,,
4551176,Paperback,,,
4554580,Hardback,672,,
4555689,Paperback,,,
4557429,Paperback,,,
4570298,Paperback,,,
4577028,Paperback,,,
4581518,,974,,
4582163,,575,,
4594350,Paperback,,,
4598551,Paperback,1688,,
4600874,Hardback,,,
4609822,Hardback,873,,
4611584,Paperback,1626,,
4614073,Paperback,1834,,
4618322,Paperback,495,,
4621084,Paperback,,,
4622292,Paperback,,,
4633726,Hardback,1496,,
4635049,Paperback,,,
4644194,Hardback,,,
4647443,Paperback,,,
4650437,Hardback,,,
4650874,Paperback,,,
4668773,Hardback,,,
4685841,Paperback,1196,,
4687134,Hardback,976,,
4694424,Paperback,1076,,
4700931,Hardback,,,
4701579,Hardback,,,
4713990,Paperback,,,
4727419,Paperback,1918,,
4730692,Hardback,,,
4745064,Hardback,,,
4745733,Hardback,,,
4746822,Hardback,386,,
4752228,Hardback,,,
4754006,Hardback,1262,,
4762991,Hardback,,,
4767295,Hardback,,,
4771110,Paperback,,,
4774568,Paperback,1726,,
4779674,Hardback,,,
4782930,Hardback,751,,
4783353,Hardback,,,
4783780,Hardback,,,
4793050,Paperback,739,,
4794488,Paperback,,,
4803237,Paperback,,,
4804725,Paperback,1047,,
4810256,Paperback,201,,
4810826,Paperback,,,
4816312,Paperback,533,,
4817026,Hardback,1208,,
4819967,Paperback,,,
4825399,Paperback,,,
4830096,Paperback,509,,
4836108,Hardback,,,
4838092,Paperback,1732,,
4855551,Hardback,749,,
4863307,Paperback,846,,
4863421,Hardback,,,
4873718,Paperback,1814,,
4877548,Hardback,1137,,
4879415,Paperback,,,
4881093,Paperback,,,
4882826,Hardback,,,
4886880,Hardback,,,
4890344,Paperback,,,
4891916,Paperback,1530,,
4900840,Paperback,427,,
4901110,Paperback,,,
4902527,Hardback,1261,,
4920137,Hardback,,,
4922926,Paperback,319,,
4926517,Paperback,,,
4930271,Paperback,1221,,
4930441,Paperback,1223,,
4931055,Paperback,86,,
4932371,Hardback,1939,,
4936243,Paperback,469,,
4947742,Hardback,,,
4949669,Paperback,904,,
4951977,Paperback,,,
4953040,Hardback,,,
4956702,Paperback,,,
4959569,Paperback,264,,
4965923,Hardback,,,
4971227,Hardback,351,,
4971836,Hardback,1820,,
4991012,Paperback,,,
4998478,Hardback,1870,,
5004045,Paperback,466,,
5004663,Hardback,,,
5006583,Paperback,,,
5014744,Hardback,1933,,
5016522,Paperback,,,
5017071,Hardback,,,
5022429,Paperback,,,
5037531,Paperback,1790,,
5039076,Hardback,1921,,
5050226,Hardback,528,,
5054613,Hardback,,,
5055055,Paperback,1698,,
5058993,Paperback,,,
5075724,Hardback,69,,
5088272,Hardback,492,,
5088777,Paperback,,,
5095671,Paperback,678,,
5105730,Hardback,1379,,
5108833,Hardback,,,
5109673,Paperback,,,
5109913,Paperback,1080,,
5116023,Hardback,328,,
5131817,Hardback,544,,
5137114,Paperback,,,
5144655,Hardback,,,
5147238,Hardback,,,
5160795,Hardback,,,
5163787,Paperback,1082,,
5164278,Hardback,801,,
5172595,Hardback,,,
5177354,Hardback,,,
5181863,Hardback,586,,
5208187,Hardback,910,,
5220828,Hardback,,,
5231752,Hardback,1164,,
5239485,Hardback,1599,,
5244602,Paperback,1801,,
5247537,Paperback,1073,,
5248889,Hardback,173,,
5249204,Hardback,,,
5250366,Paperback,858,,
5250463,Hardback,,,
5252513,Paperback,1498,,
5252574,Hardback,,,
5256969,Paperback,,,
5259802,Paperback,1598,,
5270736,,1771,,
5271216,Paperback,565,,
5271908,Hardback,1172,,
5276831,Paperback,1888,,
5276982,Paperback,1023,,
5277667,Paperback,1977,,
5280274,Hardback,73,,
5295312,Hardback,,,
5298826,Paperback,980,,
5299971,Hardback,,,
5301141,Hardback,,,
5303655,Hardback,730,,
5312000,Paperback,,,
5315171,Hardback,,,
5321651,Paperback,,,
5329283,Hardback,515,,
5338017,,796,,
5340779,Hardback,1642,,
5352125,Hardback,,,
5355661,Paperback,,,
5364123,Paperback,1533,,
5372517,Paperback,,,
5374154,Hardback,,,
5374366,Hardback,,,
5375852,Paperback,1639,,
5377342,Hardback,296,,
5387650,Paperback,,,
5391965,Hardback,1266,,
5395440,Paperback,1221,,
5399218,Hardback,1257,,
5404164,Paperback,,,
5408917,Hardback,512,,
5421769,Hardback,,,
5422308,Paperback,1236,,
5423817,Paperback,1747,,
5426186,Paperback,1823,,
5426327,Paperback,196,,
5438745,Hardback,1797,,
5440350,Paperback,594,,
5442123,Hardback,1518,,
5447530,Paperback,358,,
5449854,Paperback,,,
5450196,Hardback,174,,
5450322,Hardback,,,
5462839,Paperback,,,
5468611,Hardback,847,,
5474530,Paperback,1946,,
5482379,Hardback,,,
5483285,Paperback,,,
5484406,Paperback,,,
5488092,Paperback,,,
5494908,Paperback,643,,
5496291,Paperback,,,
5503423,Paperback,356,,
5504332,Hardback,,,
5505874,Hardback,,,
5517053,Paperback,1292,,
5518835,,355,,
5530757,Hardback,,,
5545517,Hardback,104,,
5554612,Hardback,,,
5558702,Hardback,310,,
5563143,Hardback,1804,,
5563495,Paperback,,,
5564146,Paperback,1652,,
5583222,,1738,,
5585332,Hardback,1593,,
5587339,Hardback,259,,
5599324,Paperback,1898,,
5599419,Hardback,,,
5610821,Paperback,1616,,
5616893,Paperback,,,
5627217,Paperback,,,
5633375,Paperback,847,,
5654114,Paperback,,,
5654854,Paperback,,,
5657398,Hardback,,,
5669690,Hardback,,,
5672398,Hardback,,,
5674019,Hardback,168,,
5675432,Paperback,829,,
5677768,Hardback,125,,
5679483,Hardback,509,,
5685548,Hardback,,,
5685675,Hardback,627,,
5697958,Paperback,,,
5722857,Hardback,1202,,
5724438,Paperback,,,
5728911,Paperback,766,,
5740161,Hardback,,,
5743790,Paperback,,,
5747124,Paperback,,,
5758131,Paperback,1676,,
5761518,Paperback,,,
5763828,Hardback,,,
5772723,Hardback,1936,,
5798676,Hardback,867,,
5804024,Hardback,1715,,
5825147,Hardback,90,,
5830883,Paperback,617,,
5844317,Hardback,1016,,
5845114,Hardback,1268,,
5846415,Hardback,1803,,
5850251,Hardback,846,,
5859549,Hardback,,,
5867965,Hardback,1371,,
5869768,Hardback,,,
5875694,Hardback,1400,,
5876217,Hardback,1946,,
5883298,Paperback,,,
5883659,Paperback,,,
5887534,Hardback,340,,
5902708,Hardback,739,,
5912287,Paperback,,,
5915423,Paperback,,,
5916125,Paperback,1208,,
5917064,Paperback,285,,
5918796,Hardback,,,
5926662,Hardback,601,,
5939772,Paperback,1362,,
5954410,Hardback,,,
5957695,Hardback,,,
5970996,Paperback,,,
5972170,Hardback,894,,
5972183,Paperback,337,,
5976589,Paperback,,,
5980308,,1631,,
5983330,Paperback,604,,
5984023,Paperback,,,
5985904,Hardback,96,,
5987868,Hardback,595,,
5993594,Hardback,,,
5996058,Hardback,,,
6002358,Paperback,344,,
6004188,Hardback,1847,,
6007349,Hardback,1789,,
6007651,Hardback,881,,
6008978,Hardback,1892,,
6017988,Paperback,,,
6020366,Hardback,137,,
6026258,Paperback,555,,
6042832,Paperback,581,,
6043382,Hardback,,,
6048365,Hardback,,,
6052328,Paperback,575,,
6064193,Hardback,845,,
6080747,Hardback,,,
6082265,Paperback,,,
6082930,Paperback,,,
6084956,Hardback,1034,,
6092372,Hardback,1139,,
6093697,Hardback,1422,,
6112213,Hardback,,,
6115397,Paperback,1540,,
6117426,Hardback,,,
6121557,Hardback,630,,
6128446,Paperback,1055,,
6140953,Paperback,1283,,
6142155,Hardback,424,,
6146432,Hardback,,,
6149760,Paperback,1349,,
6151455,Paperback,,,
6162013,Paperback,1007,,
6165057,Paperback,192,,
6165849,Hardback,,,
6165947,Paperback,1074,,
6167508,Paperback,704,,
6181208,Paperback,,,
6185309,Paperback,179,,
6189155,Hardback,762,,
6189540,Hardback,,,
6191209,Hardback,582,,
6192218,Paperback,,,
6192252,,479,,
6197083,Hardback,1083,,
6199555,Hardback,,,
6202597,Hardback,1589,,
6203284,Hardback,841,,
6205815,,997,,
6214300,Hardback,,,
6228902,Paperback,176,,
6230551,Paperback,,,
6234253,Hardback,,,
6240285,Paperback,,,
6244691,Paperback,1559,,
6244763,Hardback,299,,
6261931,Hardback,293,,
6262380,Paperback,,,
6264949,Hardback,1281,,
6275292,Paperback,690,,
6279585,Paperback,,,
6282067,Hardback,171,,
6285729,Paperback,55,,
6288395,Paperback,582,,
6288634,Hardback,1107,,
6292229,Paperback,250,,
6301543,Hardback,262,,
6310557,Hardback,1962,,
6317325,Paperback,1314,,
6317590,Paperback,,,
6322698,Paperback,124,,
6322710,Paperback,,,
6323002,Hardback,458,,
6329124,Paperback,1805,,
6338950,Hardback,,,
6341294,Hardback,,,
6342132,Hardback,,,
6344328,Paperback,1146,,
6344773,Paperback,345,,
6351018,Paperback,,,
6363400,Hardback,645,,
6367020,Hardback,1040,,
6367423,Hardback,932,,
6372058,Hardback,,,
6374538,Paperback,1002,,
6389274,Hardback,,,
6393247,Hardback,,,
6395513,Hardback,,,
6401038,Paperback,1972,,
6416541,Paperback,,,
6425831,Hardback,,,
6426874,Paperback,337,,
6433781,Paperback,,,
6437708,Hardback,199,,
6438903,,1024,,
6447990,Paperback,1165,,
6453362,Paperback,,,
6457027,Paperback,67,,
6458103,Hardback,1770,,
6458298,Paperback,501,,
6458483,Hardback,,,
6470547,Hardback,,,
6475833,Paperback,,,
6488200,Hardback,,,
6489411,Hardback,,,
6494346,Paperback,,,
6499726,Paperback,,,
6509951,Hardback,1636,,
6510297,Hardback,,,
6513671,Paperback,,,
6516813,Hardback,,,
6518406,Hardback,,,
6521159,Paperback,432,,
6521845,Hardback,1634,,
6530112,Hardback,1715,,
6531554,Hardback,191,,
6535259,Paperback,,,
6543774,Hardback,106,,
6548403,Paperback,,,
6555351,Hardback,,,
6559940,Hardback,1235,,
6575898,Paperback,1583,,
6581290,Paperback,,,
6587673,Paperback,276,,
6589781,Hardback,,,
6590733,Hardback,1954,,
6595409,Hardback,,,
6596309,Hardback,,,
6603852,Hardback,1270,,
6604180,Hardback,1245,,
6606486,Hardback,,,
6607210,Hardback,,,
6614137,Hardback,,,
6620157,Paperback,1437,,
6624818,Hardback,1884,,
6628803,Hardback,591,,
6633182,Paperback,,,
6644387,Hardback,1788,,
6647108,Hardback,,,
6662120,Hardback,1808,,
6670201,Paperback,,,
6673915,Hardback,,,
6677253,Paperback,1618,,
6679503,Hardback,,,
6683854,Hardback,899,,
6694830,,122,,
6696571,Hardback,,,
6699389,Hardback,,,
6700703,,959,,
6704120,Hardback,,,
6708527,Hardback,,,
6714398,Hardback,,,
6716833,Paperback,503,,
6719248,Paperback,136,,
6719492,Paperback,,,
6749713,Paperback,196,,
6755294,,1334,,
6757332,Hardback,277,,
6772505,Hardback,607,,
6776748,Paperback,,,
6781854,Hardback,1799,,
6785218,Paperback,244,,
6791849,Hardback,1096,,
6802264,Paperback,,,
6803920,Paperback,1234,,
6806587,Paperback,145,,
6812077,Hardback,,,
6812448,Hardback,,,
6816099,Paperback,,,
6816853,Paperback,,,
6817001,Paperback,,,
6822761,Paperback,,,
6825926,Paperback,,,
6827505,Paperback,839,,
6832014,Paperback,,,
6834566,Paperback,,,
6837014,Hardback,1950,,
6843001,Hardback,1346,,
6844733,Hardback,1998,,
6845870,Paperback,1822,,
6848160,Paperback,,,
6851661,Hardback,,,
6852462,Paperback,891,,
6854845,Paperback,,,
6875138,Paperback,,,
6878549,Paperback,,,
6879551,Paperback,827,,
6880323,Paperback,1899,,
6881356,Hardback,,,
6887162,Hardback,143,,
6887689,Paperback,1280,,
6888133,Paperback,,,
6892732,Paperback,,,
6893093,Paperback,194,,
6897463,Hardback,429,,
6904294,Hardback,1045,,
6904619,Paperback,1650,,
6905872,,1896,,
6905903,Paperback,,,
6917230,Hardback,1113,,
6918734,Paperback,,,
6921046,Hardback,1414,,
6925658,Paperback,,,
6939443,Paperback,851,,
6942723,Hardback,,,
6947697,Hardback,,,
6949048,Hardback,,,
6951637,Hardback,454,,
6957259,,583,,
6960892,Paperback,,,
6980538,Paperback,,,
6984459,Paperback,1084,,
6985275,Hardback,270,,
6986544,Paperback,,,
6992902,Paperback,,,
6993809,Paperback,,,
6997406,Hardback,,,
6999405,Hardback,199,,
7004954,Hardback,1102,,
7005785,Paperback,,,
7007972,Hardback,,,
7012243,Paperback,1344,,
7013804,Hardback,1914,,
7018054,Hardback,,,
7019582,Hardback,69,,
7020632,Paperback,1637,,
7033126,Hardback,,,
7038487,Hardback,,,
7039776,Hardback,1631,,
7039943,Hardback,655,,
7040710,Paperback,684,,
7041535,Hardback,,,
7042400,Paperback,772,,
7047384,Paperback,,,
7051319,Paperback,80,,
7051902,Hardback,958,,
7052945,Hardback,,,
7070784,Paperback,281,,
7072465,Hardback,907,,
7075001,Hardback,,,
7075622,Paperback,,,
7079373,Hardback,,,
7089341,Hardback,1079,,
7107991,Paperback,,,
7110680,Hardback,,,
7117114,Hardback,1232,,
7121690,Hardback,683,,
7131385,Paperback,742,,
7135600,Hardback,,,
7138180,Paperback,,,
7146697,Paperback,317,,
7148709,Hardback,1187,,
7163816,Paperback,630,,
7164453,Hardback,,,
7165531,Paperback,,,
7178196,Hardback,1909,,
7179675,Paperback,,,
7181840,Paperback,,,
7182505,Hardback,,,
7190090,Hardback,,,
7198629,Hardback,111,,
7205651,Hardback,675,,
7205717,Hardback,,,
7212403,Hardback,,,
7219681,Paperback,840,,
7224288,Paperback,,,
7248580,Paperback,,,
7255544,Paperback,,,
7267388,Paperback,,,
7268342,Hardback,1112,,
7270856,Hardback,,,
7299194,Hardback,,,
7303589,Hardback,,,
7310996,Hardback,,,
7314447,Paperback,,,
7318611,Paperback,,,
7323868,Paperback,,,
7329118,Paperback,,,
7331090,Paperback,372,,
7337487,Hardback,1772,,
7342210,Hardback,,,
7342949,Paperback,190,,
7351654,Hardback,195,,
7358219,Paperback,,,
7363635,Paperback,1164,,
7365885,Hardback,72,,
7381484,Hardback,887,,
7383828,,1409,,
7388345,Paperback,1926,,
7393772,Hardback,,,
7397418,Paperback,270,,
7409331,Hardback,1346,,
7410067,Paperback,,,
7414036,Paperback,,,
7414691,Hardback,,,
7415951,Hardback,,,
7423736,Paperback,,,
7431350,Hardback,,,
7436921,Paperback,,,
7441470,Hardback,,,
7445374,Paperback,,,
7452308,Hardback,,,
7456794,Hardback,,,
7457486,Hardback,489,,
7458056,Hardback,487,,
7472555,Hardback,61,,
7473695,Hardback,,,
7478461,Hardback,,,
7479973,Hardback,,,
7485468,Paperback,,,
7491051,Hardback,1272,,
7493898,Paperback,1968,,
7497861,Paperback,,,
7498598,Hardback,1981,,
7499682,Hardback,,,
7502961,Hardback,716,,
7505459,Hardback,172,,
7513649,Paperback,470,,
7518079,Hardback,,,
7522854,Hardback,,,
7523725,Paperback,1586,,
7526917,Hardback,1758,,
7528525,Hardback,,,
7532315,Paperback,,,
7539202,Hardback,1706,,
7541579,Hardback,,,
7541672,Paperback,,,
7542787,Paperback,,,
7547944,Hardback,1392,,
7557998,Paperback,,,
7558172,Hardback,,,
7559207,Hardback,,,
7567996,Paperback,522,,
7568616,Paperback,,,
7580388,Paperback,,,
7588342,Paperback,,,
7590388,Paperback,,,
7596194,Hardback,1476,,
7604061,Paperback,1161,,
7604769,Hardback,1493,,
7613297,Hardback,,,
7613333,Paperback,,,
7615504,Hardback,,,
7615560,Hardback,,,
7617465,Paperback,,,
7618299,Paperback,1707,,
7629925,Hardback,,,
7631618,Hardback,,,
7632498,Hardback,641,,
7634967,Hardback,1143,,
7639192,Paperback,978,,
7663644,Paperback,1109,,
7673108,Paperback,,,
7674836,Hardback,,,
7699312,Hardback,,,
7700855,Paperback,,,
7702144,Hardback,1101,,
7703037,Paperback,,,
7708468,Paperback,1359,,
7709378,Hardback,471,,
7711579,Hardback,,,
7714102,Hardback,277,,
7715193,Paperback,,,
7727744,Paperback,1566,,
7727831,Hardback,,,
7727963,Paperback,,,
7734501,Paperback,,,
7738006,Paperback,,,
7740697,Hardback,518,,
7742140,Hardback,1852,,
7749655,Paperback,,,
7749879,Hardback,,,
7750157,Hardback,1505,,
7750642,Paperback,1107,,
7752817,Hardback,,,
7754008,Hardback,,,
7756102,Hardback,,,
7763427,Hardback,,,
7765049,Paperback,205,,
7769050,Hardback,,,
7782958,Paperback,363,,
7790700,Hardback,766,,
7803417,Paperback,,,
7806647,Paperback,170,,
7807907,Paperback,,,
7823495,Hardback,162,,
7835575,Paperback,492,,
7835767,Paperback,347,,
7836669,Paperback,560,,
7859152,Hardback,1022,,
7860844,Paperback,1235,,
7866194,Paperback,1438,,
7870845,Paperback,808,,
7874287,Paperback,,,
7883420,Paperback,213,,
7883560,Paperback,1388,,
7883798,Hardback,,,
7889717,Paperback,,,
7895481,Hardback,1931,,
7900780,Hardback,,,
7904761,Hardback,181,,
7906667,Paperback,,,
7909178,Hardback,1236,,
7913110,Paperback,,,
7916231,Paperback,,,
7917140,Hardback,1260,,
7918103,Paperback,,,
7919051,Hardback,1467,,
7923888,Hardback,1192,,
7936481,Paperback,,,
7936980,Hardback,,,
7939378,Paperback,975,,
7941573,Hardback,,,
7943362,Hardback,,,
7947247,Hardback,,,
7947635,Hardback,,,
7949358,Paperback,552,,
7956650,Paperback,,,
7959717,Paperback,315,,
7964412,Hardback,,,
7976998,Hardback,,,
7978170,Paperback,,,
7978521,Paperback,1932,,
7979928,Hardback,,,
7983623,Hardback,393,,
7986590,Hardback,,,
7987650,Hardback,,,
8006511,Hardback,731,,
8006614,Hardback,1936,,
8006722,Hardback,1516,,
8013881,Paperback,1283,,
8018153,Hardback,1989,,
8038584,Hardback,,,
8049437,Paperback,269,,
8053820,Paperback,1812,,
8061594,Hardback,244,,
8063168,,1457,,
8071751,Hardback,,,
8072108,Hardback,,,
8072606,Hardback,,,
8077717,Hardback,,,
8080749,Hardback,,,
8083470,Hardback,1666,,
8095994,Hardback,105,,
8110257,Paperback,,,
8110327,Hardback,1727,,
8119030,Hardback,,,
8120537,Paperback,,,
8128646,Hardback,,,
8136316,,1588,,
8137273,Paperback,627,,
8137356,Hardback,,,
8148591,Hardback,174,,
8155047,Hardback,787,,
8160337,Paperback,,,
8170986,Paperback,,,
8171221,Paperback,,,
8172312,Paperback,,,
8174148,Hardback,,,
8174662,Hardback,883,,
8178914,Hardback,1765,,
8180154,,259,,
8183964,Paperback,,,
8192078,Hardback,682,,
8195601,Hardback,,,
8198863,Paperback,,,
8200798,Hardback,1910,,
8205427,Paperback,1841,,
8207394,Hardback,,,
8208132,Paperback,1708,,
8219304,Hardback,,,
8220920,Paperback,,,
8221728,Hardback,143,,
8222499,Paperback,,,
8228677,Hardback,,,
8230401,Paperback,1099,,
8232172,Hardback,,,
8233985,Paperback,,,
8234415,Paperback,949,,
8243336,Paperback,,,
8248351,Hardback,,,
8252692,Hardback,1512,,
8255605,Paperback,,,
8255811,Hardback,,,
8258372,Paperback,,,
8264125,Paperback,,,
8264366,Paperback,1617,,
8264608,Paperback,276,,
8265012,Hardback,,,
8267751,Paperback,,,
8268731,Paperback,1980,,
8274619,Hardback,,,
8289736,Paperback,,,
8300523,Paperback,,,
8302929,Paperback,,,
8305652,,615,,
8311020,Paperback,418,,
8325392,,964,,
8327274,Paperback,1079,,
8331907,,185,,
8336818,Hardback,,,
8344325,Hardback,,,
8346042,Hardback,325,,
8353314,Paperback,124,,
8369711,Paperback,1203,,
8381105,Paperback,,,
8383586,Paperback,1327,,
8386547,Hardback,956,,
8390331,Hardback,,,
8392218,Paperback,,,
8396416,Paperback,,,
8397844,Hardback,236,,
8400729,Paperback,1944,,
8402839,Hardback,1024,,
8406734,Paperback,,,
8407839,Paperback,1446,,
8409188,Hardback,759,,
8412166,Paperback,,,
8413540,Paperback,676,,
8414651,Hardback,,,
8423652,Paperback,,,
8434123,Paperback,1727,,
8435325,Paperback,1416,,
8439131,,1508,,
8439276,Hardback,,,
8441847,Paperback,,,
8446611,Paperback,881,,
8460182,Paperback,225,,
8477534,Hardback,1118,,
8481345,Hardback,,,
8482519,Paperback,,,
8485580,Hardback,,,
8500542,Paperback,,,
8505678,Hardback,1748,,
8505951,Hardback,1990,,
8506647,Hardback,,,
8512507,Paperback,,,
8513305,Paperback,677,,
8514616,Hardback,,,
8527305,Hardback,,,
8529196,Paperback,1237,,
8534461,Paperback,1653,,
8543644,Paperback,,,
8558125,Hardback,,,
8559680,Hardback,,,
8561968,Paperback,925,,
8565533,Hardback,,,
8567965,Paperback,863,,
8588184,Hardback,,,
8588353,Hardback,,,
8594248,Paperback,,,
8598684,Hardback,,,
8599139,Paperback,1029,,
8599805,Paperback,,,
8601989,Paperback,,,
8612809,Paperback,,,
8619193,Hardback,,,
8639994,Paperback,,,
8640946,Hardback,1022,,
8656031,,616,,
8657525,Hardback,1251,,
8677890,Hardback,1825,,
8684062,,1008,,
8684577,Paperback,1289,,
8684694,Paperback,1467,,
8691137,Hardback,,,
8697066,Paperback,,,
8712354,Hardback,,,
8718927,Hardback,,,
8722648,Paperback,870,,
8724824,Hardback,,,
8734222,Paperback,910,,
8743799,Hardback,,,
8744456,Hardback,219,,
8749498,Hardback,472,,
8758061,Paperback,1415,,
8768195,Paperback,,,
8771321,Paperback,,,
8772101,,558,,
8774884,Hardback,1176,,
8784221,Hardback,946,,
8785572,Paperback,,,
8792274,Hardback,1872,,
8800157,Hardback,559,,
8807006,Hardback,260,,
8808027,Paperback,1144,,
8824525,Hardback,530,,
8825698,Paperback,1298,,
8827573,Paperback,1131,,
8828477,Paperback,1444,,
8830897,Paperback,,,
8835408,Hardback,562,,
8841935,Paperback,480,,
8844060,Paperback,,,
8857912,Paperback,1492,,
8866595,Paperback,,,
8867422,Paperback,842,,
8870623,Hardback,,,
8872485,Hardback,,,
8872532,Hardback,1140,,
8875530,Paperback,,,
8877914,Paperback,1427,,
8887096,Hardback,845,,
8892403,,1376,,
8895237,Hardback,,,
8895685,Paperback,,,
8911388,Hardback,1995,,
8913699,Paperback,,,
8916604,Paperback,,,
8917167,Hardback,,,
8919412,Paperback,,,
8924004,Hardback,,,
8925116,Hardback,1501,,
8926493,Paperback,,,
8929203,Paperback,1725,,
8939646,Paperback,,,
8955634,Hardback,,,
8960392,Paperback,1828,,
8966530,Hardback,423,,
8974027,Paperback,1392,,
8974188,Paperback,1525,,
8984767,Hardback,128,,
8986199,Hardback,523,,
8988231,Paperback,,,
8993840,Hardback,,,
8994590,Paperback,494,,
8997174,Hardback,1401,,
8999242,Hardback,,,
9001872,Paperback,,,
9002589,Hardback,190,,
9002739,Paperback,,,
9004976,Hardback,,,
9005006,Hardback,825,,
9008820,Hardback,689,,
9020479,Paperback,,,
9020522,Hardback,,,
9029367,Hardback,923,,
9034679,Paperback,499,,
9040105,Paperback,,,
9046619,Hardback,,,
9048823,Paperback,,,
9053266,Paperback,,,
9055391,,1094,,
9056415,Paperback,,,
9060086,Paperback,1194,,
9061971,Paperback,148,,
9063619,Paperback,1168,,
9066969,Paperback,1836,,
9072703,Paperback,,,
9072950,Paperback,1676,,
9077460,Paperback,1059,,
9078446,Hardback,1222,,
9081970,Hardback,515,,
9086221,Hardback,,,
9088191,Paperback,,,
9097986,Hardback,,,
9099522,Hardback,,,
9102120,Paperback,158,,
9103828,Hardback,,,
9111393,Paperback,1932,,
9118556,Hardback,1028,,
9122062,Paperback,965,,
9126283,Hardback,,,
9132161,Hardback,1478,,
9152689,Paperback,262,,
9155300,Hardback,187,,
9157891,Paperback,1303,,
9158186,Hardback,1916,,
9158782,Hardback,788,,
9167417,Hardback,,,
9173813,Paperback,926,,
9179816,Paperback,,,
9189591,Paperback,1694,,
9189907,Hardback,,,
9191507,Paperback,1746,,
9193004,Hardback,537,,
9193371,Paperback,,,
9201016,Hardback,1341,,
9207983,Hardback,,,
9210934,Paperback,,,
9212822,Hardback,1333,,
9216656,Paperback,1290,,
9216727,Hardback,1904,,
9224168,Hardback,,,
9231917,Paperback,1207,,
9235341,Paperback,,,
9236857,Paperback,,,
9245462,Hardback,,,
9245514,,951,,
9245715,Hardback,1528,,
9250113,Paperback,,,
9250496,Hardback,,,
9253936,Paperback,310,,
9254505,Hardback,771,,
9255127,Hardback,,,
9255863,Hardback,153,,
9259361,Paperback,,,
9263180,Paperback,,,
9264520,Paperback,1563,,
9268019,Paperback,,,
9272182,Paperback,,,
9275979,Paperback,1753,,
9276288,Paperback,,,
9283784,Hardback,,,
9287810,Paperback,1963,,
9288723,Paperback,,,
9303715,Hardback,,,
9308122,Hardback,,,
9313431,Hardback,611,,
9313862,Paperback,,,
9314278,Hardback,,,
9314764,Hardback,1907,,
9318673,Hardback,925,,
9319503,Hardback,475,,
9320631,Paperback,823,,
9336024,Paperback,378,,
9342643,Paperback,1067,,
9342878,Hardback,412,,
9346248,Paperback,602,,
9349056,Paperback,152,,
9352377,Paperback,,,
9353302,Hardback,1721,,
9353461,Paperback,623,,
9357881,Hardback,1335,,
9359658,Hardback,,,
9371419,Paperback,,,
9374089,Hardback,1673,,
9383400,Paperback,,,
9385996,Hardback,796,,
9389432,Hardback,1103,,
9390189,Hardback,,,
9394591,Paperback,,,
9401557,Paperback,431,,
9404543,Paperback,,,
9407307,Hardback,,,
9408048,Paperback,1406,,
9428107,Hardback,,,
9428814,Hardback,,,
9430392,Paperback,1025,,
9436656,Hardback,,,
9437647,Hardback,,,
9439312,Hardback,245,,
9444439,Hardback,50,,
9445640,Hardback,,,
9461945,Paperback,,,
9466205,Hardback,,,
9467762,Paperback,,,
9471781,Hardback,,,
9478555,Hardback,1688,,
9479375,Paperback,,,
9479423,Paperback,1990,,
9494051,Paperback,,,
9501222,Paperback,1123,,
9507936,Paperback,853,,
9508327,Paperback,163,,
9509629,Paperback,1279,,
9512736,Hardback,,,
9513429,Paperback,,,
9518059,Hardback,,,
9528971,Paperback,1379,,
9530766,Paperback,1214,,
9535109,Paperback,1230,,
9537527,Paperback,1384,,
9560844,Paperback,,,
9564904,Hardback,448,,
9572590,Hardback,,,
9576330,Paperback,,,
9582037,Paperback,,,
9582172,Paperback,96,,
9583517,Hardback,,,
9586033,Paperback,705,,
9589184,Paperback,,,
9591619,Hardback,,,
9596350,Paperback,1120,,
9597409,Hardback,,,
9601294,Paperback,1661,,
9611227,Hardback,82,,
9616149,Hardback,,,
9621910,Hardback,,,
9622624,Hardback,,,
9625091,Hardback,1971,,
9626298,Paperback,,,
9627905,Hardback,,,
9634970,Hardback,,,
9636241,Hardback,,,
9638807,Paperback,,,
9644182,Paperback,1393,,
9645118,Hardback,,,
9647980,Paperback,,,
9649691,Hardback,,,
9650499,Paperback,1711,,
9654129,Hardback,,,
9661745,Hardback,,,
9674541,Hardback,,,
9676715,Hardback,,,
9679224,Paperback,,,
9690845,Paperback,,,
9692326,Hardback,,,
9698130,Hardback,1855,,
9699822,Hardback,,,
9702586,Paperback,,,
9717967,Paperback,,,
9720109,Hardback,,,
9726547,Paperback,1243,,
9740920,,1430,,
9741417,Hardback,,,
9751305,Hardback,,,
9752738,Hardback,,,
9756152,,1545,,
9756258,Hardback,,,
9760648,Hardback,244,,
9762626,Paperback,771,,
9779514,Paperback,640,,
9784348,Hardback,,,
9787401,Paperback,1057,,
9792371,Paperback,,,
9807460,Hardback,,,
9812084,Paperback,,,
9815402,Paperback,1568,,
9817367,Paperback,1019,,
9823740,Paperback,,,
9824006,Hardback,,,
9829284,Paperback,,,
9839465,Paperback,,,
9849658,Hardback,580,,
9860101,Hardback,1478,,
9867658,Paperback,,,
9870870,Paperback,1264,,
9877219,Paperback,,,
9882254,Paperback,,,
9887429,Hardback,,,
9889964,Paperback,,,
9891749,Hardback,,,
9893339,Hardback,,,
9894203,Paperback,,,
9901525,Hardback,,,
9903154,Hardback,,,
9903640,Paperback,,,
9912724,Hardback,,,
9913462,Hardback,,,
9919106,Hardback,81,,
9920356,Hardback,,,
9922491,Hardback,,,
9923501,Paperback,,,
9941280,Hardback,1349,,
9955864,Hardback,,,
9959065,Paperback,328,,
9960189,Hardback,1912,,
9967640,Hardback,1658,,
9973192,Paperback,,,
9973845,Hardback,957,,
9984891,Hardback,,,
9988272,Hardback,,,
9988317,Hardback,,,
9994048,Hardback,,,
