,Binding,Pages,Started,Read
10374,Paperback,,,2019-08-26
47989,Paperback,480,,
290566,Paperback,,,2019-08-05
578703,Paperback,,,2019-02-06
597033,Paperback,,,2019-01-19
818108,Paperback,,,2018-05-16
833422,Paperback,,,2018-04-26
833424,Paperback,,,2019-09-15
833426,Paperback,,,2019-10-29
833427,Paperback,,,2018-07-14
854442,Paperback,525,,
1291492,Paperback,,,2018-04-18
2104289,Paperback,128,,
2205702,Paperback,320,,
2366570,Paperback,412,,
13499942,Paperback,,,2019-09-16
16156698,Paperback,,,2019-10-16
20636970,Paperback,,,2018-02-09
