AuthorId,QID,Author,Gender,Nationality,Description
157296,Q272779,Jeffrey Pope,female,bb,Business soldier space give.
351740,Q417404,Jeffrey Rhodes,non-binary,il,Above rate be under.
389420,Q947078,Peter Simmons,non-binary,is,Serve wear trouble spend name yet actually.
675865,Q473316,David Burgess,male,ch,Heart part real talk.
944068,Q429466,Kristen Bishop,non-binary,br,Security story he cup girl west.
1154760,Q501512,Carrie Mendoza,male,mr,Serious admit buy because two mean decade.
1180225,Q628922,Kathryn Miller,female,md,Decide join yes capital general trip.
1223098,Q258824,Anthony Castillo,female,tw,Song middle for employee step.
1665827,Q621687,Sheila Nash,male,ao,Drug because agent of sure.
1721928,Q848265,Daniel Price,non-binary,mv,Nor fine audience alone morning.
1733848,Q903451,Jason Rhodes,male,cd,Ball decide relate sense drop increase police.
1844826,Q772899,Joshua Williams,female,br,Bag everything glass month.
1907647,Q731193,Julie Hines,non-binary,us,Serve stock happen seem.
1927148,Q500309,Brenda Norman,male,kp,Along sing floor man too clear amount.
1934232,Q947756,Susan Newton,male,ng,Score under under leader.
1979446,Q558945,Kayla Mccormick,male,lu,Talk process first their.
2129036,Q499363,Vanessa Sanders,female,rs,At consider understand worker morning table.
2136057,Q454262,Kimberly Cummings,male,mu,Maintain table because technology water two.
2284703,Q655665,Lynn Butler,female,va,Recognize arm represent statement matter much grow.
2300669,Q757713,Michael Tucker,male,lt,Keep itself stock dark power account describe.
2369657,Q887361,Connie Hubbard,non-binary,zw,Probably bag they certainly maintain individual.
2695408,Q243941,Jamie Shaw PhD,non-binary,lu,Experience could beyond western weight size.
2882725,Q213104,Alexandra Olson,non-binary,pa,Front their man see model sound.
3149161,Q745865,Jeffrey Wallace,female,jp,Hope person themselves data common low rest race.
3223317,Q9319,Douglas James,non-binary,sy,Capital agree would since different water follow sister.
3232432,Q922214,Dustin Robinson,female,cd,Well why former something common myself.
3250746,Q618160,Brenda Carter,male,ba,Moment others thousand.
3359296,Q235564,Ashley Jackson,female,ma,Each against democratic open though model often.
3472844,Q740443,Lisa Taylor,male,ar,Cut reduce north someone bar research.
3473648,Q17352,Kenneth Castillo,female,hn,Report all star someone.
3492928,Q881886,Frank Stevenson,non-binary,lv,Agency owner field imagine war next key.
3498544,Q720605,Cynthia Rivera,male,si,Tend black decision statement key walk sign.
3716305,Q273861,Chelsea Benton,male,gr,Address team drop start property nature eat.
3790100,Q642306,Richard Page,non-binary,my,Science find learn home across.
3899659,Q288199,Maria Hill,female,tv,Wind talk spring.
4061855,Q181531,Kathleen Hill,male,is,Campaign later dark note idea.
4110825,Q844244,Bill Wagner,male,vn,Painting head wind meeting order use.
4203217,Q693318,Heather Price,non-binary,mv,Pattern and television positive table fast.
4754757,Q681387,James Stephens,non-binary,do,Worker score later bill success.
4997727,Q578357,Michael Campbell,non-binary,th,Easy unit capital strategy.
5427678,Q552845,Jeffrey Watson,male,ru,Democrat item capital far.
5543590,Q544943,Cynthia Garcia,female,vu,Decision like project traditional thank.
5650622,Q258812,Steven Tran,non-binary,bs,Security full cut reality.
5695432,Q734931,Danielle Perry,male,dz,Go government card trade.
6015856,Q953091,Christopher West,non-binary,pg,Staff firm state no.
6136592,Q751130,Brittany Cox,non-binary,pk,Wonder box American.
6175619,Q476887,Richard Hudson,female,rw,Pass build between budget another lot.
6265435,Q309637,Brady Parks,female,gr,Evidence security lead performance without never body.
6390586,Q993486,William Diaz,female,gy,Performance value contain wish ever study all.
6408278,Q35734,Hannah White,male,cl,Now wish it professor.
6425775,Q815773,Steven Dawson,female,ro,Admit feeling usually same evening century keep.
6467610,Q518258,Kimberly Williamson PhD,female,mk,Position wait for reality analysis so hair.
6983624,Q855035,April Stephens,non-binary,dk,Finish week fine rule outside.
7028673,Q629085,Brenda Macias,non-binary,tv,Soon respond head away expert agent writer.
7041516,Q813958,Marissa Robinson,female,il,Yard either vote sound bit as ago.
7069667,Q994599,Wendy Williams,male,sg,Try option operation baby least whose product.
7965231,Q604725,Shawn Haynes,non-binary,do,Really join name partner.
8138842,Q834764,Michelle Miller,female,so,Toward recently why.
8300770,Q992352,Sabrina Walker,female,ma,Party blood official ball often agency.
8464391,Q656827,Lisa Valenzuela,male,sk,Make again treat could style when including.
8612403,Q336250,Robert Barker,male,td,Let series ability skill available.
8973810,Q223895,Julie Rodriguez,male,jm,National such we one.
9121578,Q918177,Douglas Love,male,gb,Mission onto despite develop most seek ten.
9425495,Q103743,Tammy Miller,non-binary,tj,Tell window year explain star that.
9524599,Q345759,Elizabeth Cervantes,female,gr,Base line science nature charge easy him.
9608482,Q490181,Sergio Boyle,non-binary,ci,Rich worry break run actually.
9658140,Q543228,Ricky Walker,non-binary,cd,Grow camera your enjoy event.
9711448,Q331244,Hunter Roberts,non-binary,dj,Smile key finally source PM rock.
9761639,Q996760,Derek Winters,male,bi,Well whom many ground.
9763629,Q978674,Mrs. Miranda Harper,female,ki,Act foreign memory issue certain policy.
9915712,Q174721,Amy Wright,male,kp,Enter this nation.
